<?xml version="1.0"?>
<config>
	<app framerate_cap="60" Capto30="false">
		<title> Spennish Flea World</title>
		<organization>UPC</organization>
	</app>
	<app>
		<title>Game Development Testbed</title>
		<organization>UPC</organization>
	</app>
	<player>
		<startPos x="1733" y="214" />
		<lifes value="4" />
		<isAlive value="true" />
		<deathAnimation value="false" />
	</player>
	<walkingenemy>
		<Pos x="1600" y="400" />
		<lifes value="0" />
		<isAlive value="false" />
		<deathAnimation value="true" />
		<state value="2" />
	</walkingenemy>
	<flyingenemy>
		<Pos x="2003" y="171" />
		<lifes value="2" />
		<isAlive value="true" />
		<deathAnimation value="false" />
		<state value="1" />
	</flyingenemy>
	<renderer>
		<vsync value="false" />
		<camera x="1193" y="0" />
	</renderer>
	<window>
		<resolution width="1080" height="720" scale="1" />
		<fullscreen value="false" />
		<borderless value="false" />
		<resizable value="false" />
		<fullscreen_window value="false" />
	</window>
	<Scene />
	<map>
		<folder>Assets/maps/</folder>
	</map>
</config>
